{
    "num_nodes": 100,
    "num_edges": 50,
    "node_positions": {
        "0": {
            "x": 0,
            "y": 0
        },
        "1": {
            "x": 316.78068181818185,
            "y": 117.84431818181818
        },
        "2": {
            "x": 250,
            "y": 0
        },
        "3": {
            "x": 375,
            "y": 12.5
        },
        "4": {
            "x": 500,
            "y": 0
        },
        "5": {
            "x": 625,
            "y": 12.5
        },
        "6": {
            "x": 750,
            "y": 0
        },
        "7": {
            "x": 875,
            "y": 12.5
        },
        "8": {
            "x": 1000,
            "y": 0
        },
        "9": {
            "x": 1125,
            "y": 12.5
        },
        "10": {
            "x": 12.5,
            "y": 125
        },
        "11": {
            "x": 137.5,
            "y": 137.5
        },
        "12": {
            "x": 362.44204545454545,
            "y": 81.78181818181818
        },
        "13": {
            "x": 387.5,
            "y": 137.5
        },
        "14": {
            "x": 512.5,
            "y": 125
        },
        "15": {
            "x": 637.5,
            "y": 137.5
        },
        "16": {
            "x": 762.5,
            "y": 125
        },
        "17": {
            "x": 887.5,
            "y": 137.5
        },
        "18": {
            "x": 1012.5,
            "y": 125
        },
        "19": {
            "x": 1137.5,
            "y": 137.5
        },
        "20": {
            "x": 0,
            "y": 250
        },
        "21": {
            "x": 125,
            "y": 262.5
        },
        "22": {
            "x": 250,
            "y": 250
        },
        "23": {
            "x": 375,
            "y": 262.5
        },
        "24": {
            "x": 500,
            "y": 250
        },
        "25": {
            "x": 625,
            "y": 262.5
        },
        "26": {
            "x": 750,
            "y": 250
        },
        "27": {
            "x": 875,
            "y": 262.5
        },
        "28": {
            "x": 1000,
            "y": 250
        },
        "29": {
            "x": 1125,
            "y": 262.5
        },
        "30": {
            "x": 12.5,
            "y": 375
        },
        "31": {
            "x": 137.5,
            "y": 387.5
        },
        "32": {
            "x": 262.5,
            "y": 375
        },
        "33": {
            "x": 387.5,
            "y": 387.5
        },
        "34": {
            "x": 512.5,
            "y": 375
        },
        "35": {
            "x": 637.5,
            "y": 387.5
        },
        "36": {
            "x": 762.5,
            "y": 375
        },
        "37": {
            "x": 887.5,
            "y": 387.5
        },
        "38": {
            "x": 1012.5,
            "y": 375
        },
        "39": {
            "x": 1137.5,
            "y": 387.5
        },
        "40": {
            "x": 0,
            "y": 500
        },
        "41": {
            "x": 125,
            "y": 512.5
        },
        "42": {
            "x": 250,
            "y": 500
        },
        "43": {
            "x": 375,
            "y": 512.5
        },
        "44": {
            "x": 500,
            "y": 500
        },
        "45": {
            "x": 625,
            "y": 512.5
        },
        "46": {
            "x": 750,
            "y": 500
        },
        "47": {
            "x": 875,
            "y": 512.5
        },
        "48": {
            "x": 1000,
            "y": 500
        },
        "49": {
            "x": 1125,
            "y": 512.5
        },
        "50": {
            "x": 12.5,
            "y": 625
        },
        "51": {
            "x": 137.5,
            "y": 637.5
        },
        "52": {
            "x": 262.5,
            "y": 625
        },
        "53": {
            "x": 387.5,
            "y": 637.5
        },
        "54": {
            "x": 512.5,
            "y": 625
        },
        "55": {
            "x": 637.5,
            "y": 637.5
        },
        "56": {
            "x": 762.5,
            "y": 625
        },
        "57": {
            "x": 887.5,
            "y": 637.5
        },
        "58": {
            "x": 1012.5,
            "y": 625
        },
        "59": {
            "x": 1137.5,
            "y": 637.5
        },
        "60": {
            "x": 0,
            "y": 750
        },
        "61": {
            "x": 125,
            "y": 762.5
        },
        "62": {
            "x": 250,
            "y": 750
        },
        "63": {
            "x": 375,
            "y": 762.5
        },
        "64": {
            "x": 500,
            "y": 750
        },
        "65": {
            "x": 625,
            "y": 762.5
        },
        "66": {
            "x": 750,
            "y": 750
        },
        "67": {
            "x": 875,
            "y": 762.5
        },
        "68": {
            "x": 1000,
            "y": 750
        },
        "69": {
            "x": 1125,
            "y": 762.5
        },
        "70": {
            "x": 12.5,
            "y": 875
        },
        "71": {
            "x": 137.5,
            "y": 887.5
        },
        "72": {
            "x": 262.5,
            "y": 875
        },
        "73": {
            "x": 387.5,
            "y": 887.5
        },
        "74": {
            "x": 512.5,
            "y": 875
        },
        "75": {
            "x": 637.5,
            "y": 887.5
        },
        "76": {
            "x": 762.5,
            "y": 875
        },
        "77": {
            "x": 887.5,
            "y": 887.5
        },
        "78": {
            "x": 1012.5,
            "y": 875
        },
        "79": {
            "x": 1137.5,
            "y": 887.5
        },
        "80": {
            "x": 0,
            "y": 1000
        },
        "81": {
            "x": 125,
            "y": 1012.5
        },
        "82": {
            "x": 250,
            "y": 1000
        },
        "83": {
            "x": 375,
            "y": 1012.5
        },
        "84": {
            "x": 500,
            "y": 1000
        },
        "85": {
            "x": 625,
            "y": 1012.5
        },
        "86": {
            "x": 750,
            "y": 1000
        },
        "87": {
            "x": 875,
            "y": 1012.5
        },
        "88": {
            "x": 1000,
            "y": 1000
        },
        "89": {
            "x": 1125,
            "y": 1012.5
        },
        "90": {
            "x": 12.5,
            "y": 1125
        },
        "91": {
            "x": 137.5,
            "y": 1137.5
        },
        "92": {
            "x": 262.5,
            "y": 1125
        },
        "93": {
            "x": 387.5,
            "y": 1137.5
        },
        "94": {
            "x": 512.5,
            "y": 1125
        },
        "95": {
            "x": 637.5,
            "y": 1137.5
        },
        "96": {
            "x": 762.5,
            "y": 1125
        },
        "97": {
            "x": 887.5,
            "y": 1137.5
        },
        "98": {
            "x": 1012.5,
            "y": 1125
        },
        "99": {
            "x": 1137.5,
            "y": 1137.5
        }
    },
    "node_colors": {
        "0": "orange",
        "1": "green",
        "2": "pink",
        "3": "orange",
        "4": "green",
        "5": "green",
        "6": "yellow",
        "7": "pink",
        "8": "orange",
        "9": "pink",
        "10": "white",
        "11": "pink",
        "12": "orange",
        "13": "red",
        "14": "white",
        "15": "red",
        "16": "green",
        "17": "green",
        "18": "orange",
        "19": "red",
        "20": "red",
        "21": "red",
        "22": "pink",
        "23": "green",
        "24": "orange",
        "25": "white",
        "26": "red",
        "27": "green",
        "28": "white",